{
  "id": "4427971",
  "name": "grid-manager-mp",
  "font_family": "iconfont",
  "css_prefix_text": "icon-",
  "description": "",
  "glyphs": [
    {
      "icon_id": "6033089",
      "name": "icon_weizhi_mian",
      "font_class": "icon_weizhi_mian",
      "unicode": "e61a",
      "unicode_decimal": 58906
    },
    {
      "icon_id": "7859197",
      "name": "arrow_right",
      "font_class": "arrow_right",
      "unicode": "e626",
      "unicode_decimal": 58918
    },
    {
      "icon_id": "1328",
      "name": "进入",
      "font_class": "jinru",
      "unicode": "e601",
      "unicode_decimal": 58881
    },
    {
      "icon_id": "297677",
      "name": "发送信息",
      "font_class": "fasongxinxi",
      "unicode": "e6d3",
      "unicode_decimal": 59091
    },
    {
      "icon_id": "973142",
      "name": "guanbi",
      "font_class": "guanbi1",
      "unicode": "e608",
      "unicode_decimal": 58888
    },
    {
      "icon_id": "1238671",
      "name": "icon_close",
      "font_class": "guanbi11",
      "unicode": "e60a",
      "unicode_decimal": 58890
    },
    {
      "icon_id": "1613452",
      "name": "验证码",
      "font_class": "yanzhengma",
      "unicode": "e606",
      "unicode_decimal": 58886
    },
    {
      "icon_id": "1876328",
      "name": "个人信息",
      "font_class": "gerenxinxi",
      "unicode": "e670",
      "unicode_decimal": 58992
    },
    {
      "icon_id": "4317468",
      "name": "吐槽",
      "font_class": "tucao",
      "unicode": "e6b6",
      "unicode_decimal": 59062
    },
    {
      "icon_id": "5037719",
      "name": "右箭头",
      "font_class": "youjiantou",
      "unicode": "e62b",
      "unicode_decimal": 58923
    },
    {
      "icon_id": "5392443",
      "name": "上传头像",
      "font_class": "shangchuantouxiang1",
      "unicode": "e61c",
      "unicode_decimal": 58908
    },
    {
      "icon_id": "6548552",
      "name": "统计",
      "font_class": "tongji",
      "unicode": "e65c",
      "unicode_decimal": 58972
    },
    {
      "icon_id": "7461254",
      "name": "密码",
      "font_class": "mima",
      "unicode": "e637",
      "unicode_decimal": 58935
    },
    {
      "icon_id": "15162695",
      "name": "guanbi",
      "font_class": "guanbi2",
      "unicode": "e613",
      "unicode_decimal": 58899
    },
    {
      "icon_id": "20853334",
      "name": "个人中心",
      "font_class": "gerenzhongxin",
      "unicode": "e6a4",
      "unicode_decimal": 59044
    },
    {
      "icon_id": "23626704",
      "name": "分割线",
      "font_class": "fengexian",
      "unicode": "e64b",
      "unicode_decimal": 58955
    },
    {
      "icon_id": "27055585",
      "name": "新消息",
      "font_class": "xinxiaoxi",
      "unicode": "e7ae",
      "unicode_decimal": 59310
    },
    {
      "icon_id": "1813721",
      "name": "grid-网格",
      "font_class": "grid",
      "unicode": "e634",
      "unicode_decimal": 58932
    },
    {
      "icon_id": "4329388",
      "name": "社区管理",
      "font_class": "shequguanli",
      "unicode": "e628",
      "unicode_decimal": 58920
    },
    {
      "icon_id": "5323806",
      "name": "社区管理_便民信息",
      "font_class": "shequguanli_bianminxinxi",
      "unicode": "e62f",
      "unicode_decimal": 58927
    },
    {
      "icon_id": "8224851",
      "name": "小区-线性",
      "font_class": "xiaoqu-xianxing",
      "unicode": "e616",
      "unicode_decimal": 58902
    },
    {
      "icon_id": "19708593",
      "name": "城乡低保",
      "font_class": "chengxiangdibao",
      "unicode": "e662",
      "unicode_decimal": 58978
    },
    {
      "icon_id": "21105239",
      "name": "楼房",
      "font_class": "loufang",
      "unicode": "e618",
      "unicode_decimal": 58904
    },
    {
      "icon_id": "22611524",
      "name": "小区",
      "font_class": "xiaoqu",
      "unicode": "e629",
      "unicode_decimal": 58921
    },
    {
      "icon_id": "25192407",
      "name": "村庄规划",
      "font_class": "cunzhuangguihua",
      "unicode": "e64c",
      "unicode_decimal": 58956
    },
    {
      "icon_id": "26070238",
      "name": "社区",
      "font_class": "shequ",
      "unicode": "e62a",
      "unicode_decimal": 58922
    },
    {
      "icon_id": "35995906",
      "name": "人员信息",
      "font_class": "renyuanxinxi",
      "unicode": "e6b5",
      "unicode_decimal": 59061
    },
    {
      "icon_id": "37652709",
      "name": "残疾人",
      "font_class": "canjiren",
      "unicode": "e655",
      "unicode_decimal": 58965
    },
    {
      "icon_id": "38197940",
      "name": "高龄津贴",
      "font_class": "gaolingjintie",
      "unicode": "e65b",
      "unicode_decimal": 58971
    },
    {
      "icon_id": "38752873",
      "name": "独居老人",
      "font_class": "dujulaoren",
      "unicode": "e6f6",
      "unicode_decimal": 59126
    },
    {
      "icon_id": "39142966",
      "name": "留守儿童…",
      "font_class": "a-liushouertong",
      "unicode": "e631",
      "unicode_decimal": 58929
    },
    {
      "icon_id": "39831127",
      "name": "13边缘计算",
      "font_class": "a-13bianyuanjisuan",
      "unicode": "e600",
      "unicode_decimal": 58880
    },
    {
      "icon_id": "18655605",
      "name": "我的",
      "font_class": "hanhan-01-01",
      "unicode": "e671",
      "unicode_decimal": 58993
    },
    {
      "icon_id": "720889",
      "name": "马甲",
      "font_class": "majiazhuanhuan",
      "unicode": "e67c",
      "unicode_decimal": 59004
    },
    {
      "icon_id": "3282357",
      "name": "工作台",
      "font_class": "gongzuotai",
      "unicode": "e636",
      "unicode_decimal": 58934
    },
    {
      "icon_id": "11530004",
      "name": "网格",
      "font_class": "wangge",
      "unicode": "e644",
      "unicode_decimal": 58948
    },
    {
      "icon_id": "24303647",
      "name": "网格",
      "font_class": "wangge1",
      "unicode": "e684",
      "unicode_decimal": 59012
    },
    {
      "icon_id": "36373169",
      "name": "网格化-网格化管理一张图",
      "font_class": "wanggehua-wanggehuaguanliyizhangtu",
      "unicode": "e615",
      "unicode_decimal": 58901
    },
    {
      "icon_id": "39169834",
      "name": "无网络",
      "font_class": "wuwangluo",
      "unicode": "e610",
      "unicode_decimal": 58896
    },
    {
      "icon_id": "39169830",
      "name": "点赞",
      "font_class": "dianzan",
      "unicode": "e612",
      "unicode_decimal": 58898
    },
    {
      "icon_id": "39169838",
      "name": "搜索",
      "font_class": "sousuo",
      "unicode": "e60b",
      "unicode_decimal": 58891
    },
    {
      "icon_id": "39169841",
      "name": "更多",
      "font_class": "gengduo",
      "unicode": "e60c",
      "unicode_decimal": 58892
    },
    {
      "icon_id": "39169836",
      "name": "手机",
      "font_class": "shouji",
      "unicode": "e60d",
      "unicode_decimal": 58893
    },
    {
      "icon_id": "39169832",
      "name": "历史",
      "font_class": "lishi",
      "unicode": "e60e",
      "unicode_decimal": 58894
    },
    {
      "icon_id": "39169835",
      "name": "收藏",
      "font_class": "shoucang",
      "unicode": "e60f",
      "unicode_decimal": 58895
    },
    {
      "icon_id": "39169843",
      "name": "关闭",
      "font_class": "guanbi",
      "unicode": "e604",
      "unicode_decimal": 58884
    },
    {
      "icon_id": "39169831",
      "name": "左箭头",
      "font_class": "zuojiantou",
      "unicode": "e605",
      "unicode_decimal": 58885
    },
    {
      "icon_id": "39169837",
      "name": "问答",
      "font_class": "wenda",
      "unicode": "e607",
      "unicode_decimal": 58887
    },
    {
      "icon_id": "39169839",
      "name": "点赞2",
      "font_class": "dianzan2",
      "unicode": "e609",
      "unicode_decimal": 58889
    }
  ]
}
